{"3": {"iterations": 15, "time": 6.5304e-05, "err": 0.00131031, "norms": [1.29856, 0.0609054, 0.00314535, 0.000194425, 1.67994e-05, 1.43462e-06, 1.12513e-07, 8.48167e-09, 6.30458e-10, 4.66659e-11, 3.44796e-12, 2.54896e-13, 2.07809e-14, 8.63552e-15, 9.32832e-15]}, "4": {"iterations": 15, "time": 0.000173213, "err": 0.000315074, "norms": [3.39237, 0.209997, 0.0141055, 0.000970009, 6.75194e-05, 4.93531e-06, 4.15343e-07, 4.08336e-08, 4.14559e-09, 4.10959e-10, 3.93603e-11, 3.64382e-12, 3.26472e-13, 5.62655e-14, 4.90938e-14]}, "5": {"iterations": 15, "time": 0.000648641, "err": 7.67301e-05, "norms": [7.94591, 0.458222, 0.0308794, 0.00226819, 0.000174152, 1.36635e-05, 1.09762e-06, 9.19674e-08, 8.18047e-09, 7.70933e-10, 7.53203e-11, 7.4478e-12, 7.57331e-13, 1.93111e-13, 1.80008e-13]}, "6": {"iterations": 15, "time": 0.00563997, "err": 1.89078e-05, "norms": [20.1907, 1.04185, 0.0637592, 0.00438414, 0.000326335, 2.535e-05, 2.02282e-06, 1.65983e-07, 1.41201e-08, 1.25352e-09, 1.15861e-10, 1.10523e-11, 1.29016e-12, 7.36885e-13, 7.1771e-13]}, "7": {"iterations": 15, "time": 0.0147647, "err": 4.69155e-06, "norms": [54.3902, 2.61001, 0.146261, 0.00920524, 0.000641782, 4.7777e-05, 3.69539e-06, 2.94224e-07, 2.41035e-08, 2.03696e-09, 1.77823e-10, 1.62831e-11, 3.30406e-12, 2.88203e-12, 2.89561e-12]}, "8": {"iterations": 15, "time": 0.0438436, "err": 1.1684e-06, "norms": [150.514, 6.94706, 0.367467, 0.0214556, 0.00139396, 9.83572e-05, 7.30751e-06, 5.63189e-07, 4.47523e-08, 3.65477e-09, 3.06473e-10, 2.88918e-11, 1.19172e-11, 1.16765e-11, 1.15917e-11]}}