{"3": {"iterations": 15, "time": 6.6764e-05, "norms": [19.0188, 1.58601, 0.1442, 0.0124774, 0.000997544, 7.60474e-05, 5.68015e-06, 4.21183e-07, 3.11613e-08, 2.30419e-09, 1.70364e-10, 1.25968e-11, 9.32856e-13, 6.94136e-14, 1.1435e-14]}, "4": {"iterations": 15, "time": 0.00016628, "norms": [39.7967, 2.48009, 0.202964, 0.0191053, 0.00186001, 0.000178934, 1.68508e-05, 1.55673e-06, 1.40817e-07, 1.24582e-08, 1.08022e-09, 9.21219e-11, 7.75199e-12, 6.46551e-13, 7.01136e-14]}, "5": {"iterations": 15, "time": 0.000635442, "norms": [101.007, 5.23731, 0.339908, 0.0267747, 0.00240537, 0.000229338, 2.22956e-05, 2.17028e-06, 2.09826e-07, 2.00828e-08, 1.90083e-09, 1.77912e-10, 1.6475e-11, 1.52693e-12, 2.37587e-13]}, "6": {"iterations": 15, "time": 0.00238352, "norms": [272.92, 13.0484, 0.736774, 0.0481675, 0.00364981, 0.000308088, 2.77976e-05, 2.60585e-06, 2.49043e-07, 2.39827e-08, 2.31175e-09, 2.22306e-10, 2.129e-11, 2.16285e-12, 7.53924e-13]}, "7": {"iterations": 15, "time": 0.00988898, "norms": [755.52, 34.7948, 1.83871, 0.107896, 0.00714725, 0.000525736, 4.1817e-05, 3.53767e-06, 3.1379e-07, 2.87647e-08, 2.69218e-09, 2.55148e-10, 2.45423e-11, 3.7697e-12, 2.92807e-12]}, "8": {"iterations": 15, "time": 0.0450349, "norms": [2114.47, 95.582, 4.88428, 0.270349, 0.0165309, 0.00110898, 7.97488e-05, 6.08172e-06, 4.89281e-07, 4.11971e-08, 3.59607e-09, 3.23154e-10, 3.19198e-11, 1.20964e-11, 1.16598e-11]}}